timestamp,a_total_act_energy,a_fund_act_energy,a_total_act_ret_energy,a_fund_act_ret_energy,a_lag_react_energy,a_lead_react_energy,a_max_act_power,a_min_act_power,a_max_aprt_power,a_min_aprt_power,a_max_voltage,a_min_voltage,a_avg_voltage,a_max_current,a_min_current,a_avg_current,b_total_act_energy,b_fund_act_energy,b_total_act_ret_energy,b_fund_act_ret_energy,b_lag_react_energy,b_lead_react_energy,b_max_act_power,b_min_act_power,b_max_aprt_power,b_min_aprt_power,b_max_voltage,b_min_voltage,b_avg_voltage,b_max_current,b_min_current,b_avg_current,c_total_act_energy,c_fund_act_energy,c_total_act_ret_energy,c_fund_act_ret_energy,c_lag_react_energy,c_lead_react_energy,c_max_act_power,c_min_act_power,c_max_aprt_power,c_min_aprt_power,c_max_voltage,c_min_voltage,c_avg_voltage,c_max_current,c_min_current,c_avg_current,n_max_current,n_min_current,n_avg_current
1702200180,0.0000,0.0000,11.7133,11.6937,0.7204,0.0000,-645.4,-779.5,784.5,650.6,241.439,240.382,241.005,3.246,2.701,2.987,0.0000,0.0000,5.5769,5.5729,0.0000,10.6780,-299.2,-378.5,804.1,671.5,241.319,240.143,240.917,3.330,2.783,3.066,0.0000,0.0000,3.9463,3.9400,9.8970,0.0000,-207.6,-271.6,715.3,585.1,241.031,240.210,240.619,2.971,2.433,2.717,0.594,0.575,0.584
1702200240,0.0000,0.0000,10.1975,10.1819,0.6223,0.0000,-563.4,-709.6,715.0,570.5,241.449,240.021,240.852,2.966,2.368,2.646,0.0000,0.0000,4.7135,4.7117,0.0000,9.3150,-257.8,-335.6,725.8,582.7,241.328,240.106,240.720,3.015,2.419,2.700,0.0000,0.0000,3.2813,3.2767,8.6021,0.0000,-171.8,-238.8,652.6,508.0,241.729,240.510,241.009,2.705,2.108,2.380,0.584,0.574,0.578
1702200300,0.0000,0.0000,9.1564,9.1403,0.5543,0.0000,-530.4,-580.2,586.4,537.9,241.083,239.173,240.238,2.431,2.234,2.349,0.0000,0.0000,4.1367,4.1344,0.0000,8.4389,-239.3,-265.6,596.1,550.6,240.662,239.838,240.225,2.479,2.289,2.400,0.0000,0.0000,2.7916,2.7870,7.6931,0.0000,-156.9,-182.1,523.9,476.4,241.148,240.411,240.778,2.174,1.977,2.087,0.586,0.574,0.578
1702200360,0.0000,0.0000,8.7550,8.7388,0.5468,0.0000,-487.1,-541.6,548.2,495.0,240.378,239.194,239.561,2.287,2.062,2.253,0.0000,0.0000,3.9285,3.9267,0.0000,8.1436,-217.5,-247.7,566.3,511.6,240.615,239.540,240.135,2.352,2.128,2.311,0.0000,0.0000,2.6296,2.6249,7.3638,0.0000,-136.7,-165.1,487.9,435.0,241.417,240.742,241.156,2.023,1.802,1.991,0.596,0.572,0.580
1702200420,0.0000,0.0000,5.2678,5.2551,0.3484,0.0000,-255.8,-475.3,483.7,268.8,239.818,237.334,238.424,2.015,1.125,1.389,0.0000,0.0000,2.1024,2.1024,0.0000,5.3168,-90.0,-211.3,499.4,288.8,240.364,239.398,239.860,2.078,1.203,1.478,0.0000,0.0000,1.0907,1.0872,4.3143,0.0000,-34.3,-130.4,422.8,213.8,241.089,239.691,240.361,1.752,0.890,1.155,0.666,0.580,0.607
1702200480,0.0000,0.0000,7.4336,7.4140,0.4320,0.0000,-307.2,-630.5,636.1,319.3,240.588,237.843,239.083,2.641,1.338,1.971,0.0000,0.0000,2.0580,2.0562,0.0577,3.3615,-52.9,-239.3,449.8,95.5,241.401,239.299,240.296,1.871,0.396,1.104,0.0000,0.0000,2.0989,2.0926,6.2310,0.0000,-63.4,-204.5,567.1,276.0,240.104,236.810,238.814,2.391,1.151,1.742,2.552,0.490,1.043
1702200540,0.0000,0.0000,9.5238,9.5083,0.6039,0.0000,-483.7,-665.2,671.2,490.9,239.824,237.094,239.088,2.797,2.052,2.491,0.0000,0.0000,4.0640,4.0617,0.0000,7.6493,-184.8,-296.9,655.6,316.9,241.378,240.103,240.795,2.717,1.314,2.252,0.0000,0.0000,3.0166,3.0131,8.0767,0.0000,-139.0,-218.6,610.0,433.6,241.423,238.932,240.563,2.538,1.803,2.234,1.032,0.453,0.622
1702200600,0.0000,0.0000,11.2346,11.2138,0.6904,0.0000,-495.2,-729.3,734.3,501.2,240.114,238.925,239.704,3.061,2.095,2.837,0.0000,0.0000,5.2920,5.2862,0.0000,10.2881,-217.9,-350.2,756.8,524.1,241.137,239.876,240.582,3.137,2.177,2.902,0.0000,0.0000,3.5547,3.5489,9.5584,0.0000,-138.2,-241.1,670.3,439.3,241.184,240.326,240.729,2.782,1.826,2.561,0.625,0.585,0.608
1702200660,0.0000,0.0000,10.8285,10.8106,0.6575,0.0000,-637.9,-705.5,710.1,642.3,240.799,239.106,240.047,2.950,2.675,2.820,0.0000,0.0000,5.0445,5.0411,0.0000,9.8249,-289.4,-332.1,719.2,653.1,241.249,240.381,240.727,2.981,2.712,2.858,0.0000,0.0000,3.4105,3.4053,9.2158,0.0000,-196.2,-227.2,642.9,579.0,241.024,240.224,240.670,2.672,2.405,2.547,0.598,0.584,0.589
1702200720,0.0000,0.0000,8.5577,8.5364,2.6474,0.0000,-95.0,-710.3,716.0,533.4,240.406,238.063,239.568,2.977,2.236,2.694,0.0000,0.0000,5.6934,5.6928,0.5024,7.3482,-285.2,-486.4,731.3,478.0,241.778,239.222,240.842,3.021,1.994,2.666,1.9784,1.9853,2.5378,2.5338,8.2745,0.0000,494.0,-231.6,651.0,568.3,240.648,238.159,239.738,2.708,2.367,2.546,0.608,0.584,0.590
1702200780,0.0000,0.0000,11.7514,11.7323,0.7204,0.0000,-679.2,-727.6,733.1,686.3,240.009,239.069,239.425,3.059,2.865,2.965,0.0000,0.0000,5.5077,5.5037,0.0000,10.7062,-312.4,-346.9,748.4,702.8,242.021,240.849,241.383,3.096,2.903,3.003,0.0000,0.0000,3.7381,3.7324,9.8982,0.0000,-213.0,-240.4,671.3,624.3,241.898,240.607,241.430,2.779,2.593,2.687,0.610,0.584,0.591
1702200840,0.0000,0.0000,11.5760,11.5570,0.7273,0.0000,-682.7,-737.5,742.5,686.3,239.570,238.584,235.004,3.100,2.872,2.973,0.0000,0.0000,5.3404,5.3364,0.0000,10.2558,-277.4,-348.4,760.0,585.8,242.028,241.442,237.553,3.139,2.417,2.936,0.0000,0.0000,3.8541,3.8489,10.1052,0.0000,-220.2,-245.7,680.7,628.0,241.664,240.341,241.321,2.816,2.602,2.747,0.602,0.449,0.576
1702200900,0.0000,0.0000,10.8360,10.8181,0.6921,0.0000,-643.6,-702.9,708.0,650.5,239.143,237.883,238.540,2.962,2.731,2.839,0.0000,0.0000,5.0774,5.0740,0.0000,9.9766,-300.6,-333.1,725.2,672.3,241.946,241.130,241.521,2.996,2.784,2.885,0.0000,0.0000,3.4786,3.4740,9.3047,0.0000,-203.7,-227.0,647.7,595.6,241.423,240.706,240.954,2.682,2.469,2.571,0.640,0.586,0.598
1702200960,0.0000,0.0000,10.5078,10.4888,0.6656,0.0000,-522.4,-656.3,662.5,542.9,238.347,237.077,237.737,2.791,2.286,2.719,0.0000,0.0000,4.9338,4.9303,0.0000,9.8238,-278.2,-311.3,689.2,629.4,242.070,241.482,241.794,2.843,2.602,2.786,0.0000,0.0000,3.3511,3.3459,9.1184,0.0000,-192.1,-215.7,606.7,553.0,241.380,240.674,241.072,2.519,2.293,2.472,1.143,0.590,0.621
1702201020,0.0000,0.0000,10.2748,10.2569,0.6200,0.0000,-479.1,-665.2,670.8,499.6,238.145,237.034,237.615,2.818,2.103,2.662,0.0000,0.0000,4.9142,4.9113,0.0000,9.8047,-282.3,-313.3,693.8,644.5,242.247,241.086,241.971,2.864,2.661,2.776,0.0000,0.0000,3.3315,3.3257,9.1155,0.0000,-191.0,-217.5,614.8,579.2,241.563,240.800,241.260,2.547,2.401,2.467,1.374,0.585,0.675
1702201080,6.3723,6.4254,4.7152,4.7129,1.9161,0.0000,855.0,-553.5,1000.5,525.4,238.174,229.116,233.563,4.361,2.208,3.252,0.0000,0.0000,4.7786,4.7752,0.0000,9.8018,-269.4,-300.2,679.5,644.9,245.118,241.609,243.452,2.770,2.628,2.704,0.0000,0.0000,4.9280,4.9205,9.2424,0.0000,-193.2,-347.7,670.5,582.8,242.660,239.871,241.631,2.764,2.416,2.626,6.970,0.639,3.764
1702201140,12.2151,12.3351,0.0000,0.0000,2.7645,0.0000,812.6,718.0,963.5,878.5,230.368,228.995,229.625,4.188,3.815,3.973,0.0000,0.0000,5.0636,5.0595,0.0000,10.3596,-300.7,-331.9,745.9,688.9,245.294,244.631,244.927,3.039,2.810,2.939,0.0000,0.0000,5.7292,5.7240,9.8532,0.0000,-340.6,-366.3,735.8,680.9,243.195,242.299,242.720,3.030,2.804,2.929,6.945,6.700,6.803
1702201200,11.9181,12.0415,0.0000,0.0000,2.4202,0.0000,755.9,677.0,905.5,832.0,231.017,229.368,230.081,3.934,3.621,3.773,0.0000,0.0000,5.1576,5.1530,0.0000,10.0799,-224.8,-352.3,785.6,448.4,245.570,243.998,244.920,3.207,1.826,2.791,0.0000,0.0000,5.8163,5.8122,10.1843,0.0000,-267.1,-392.2,775.3,567.1,243.198,240.565,242.264,3.190,2.332,2.919,6.873,6.189,6.527
1702201260,2.8360,2.8799,7.8506,7.8344,1.2216,0.0000,705.3,-670.8,852.4,633.0,238.476,229.373,235.699,3.710,2.662,2.956,0.0000,0.0000,5.9564,5.9507,0.0000,11.5628,-347.2,-379.5,814.9,786.9,245.216,238.268,242.186,3.413,3.213,3.290,0.0000,0.0000,5.1645,5.1645,8.4885,0.0000,-50.5,-410.2,796.4,73.7,242.688,237.538,241.313,3.309,0.305,2.559,6.800,0.804,2.721
1702201320,0.0000,0.0000,9.7101,9.6946,0.9592,0.0000,-372.2,-689.1,696.4,382.5,239.157,237.279,238.145,2.916,1.609,2.516,0.0000,0.0000,5.6369,5.6329,0.0265,8.6096,-233.2,-391.8,834.8,343.2,238.906,237.837,238.389,3.496,1.438,2.689,0.0000,0.0000,0.8923,0.8957,0.4764,0.2394,3.3,-106.8,322.3,69.1,242.393,239.625,241.167,1.341,0.287,0.576,2.646,2.209,2.518
1702201380,0.0000,0.0000,7.7300,7.7150,0.8225,0.0000,-320.2,-629.3,637.7,332.4,238.338,236.505,237.459,2.676,1.404,2.056,0.0000,0.0000,4.9315,4.9263,0.0000,5.8740,-215.3,-385.4,624.1,311.6,239.338,235.587,238.346,2.620,1.304,2.013,0.0161,0.0150,0.5053,0.5105,0.0617,0.6333,15.4,-80.1,329.7,69.3,241.183,239.447,240.325,1.376,0.287,0.811,2.677,2.149,2.464
1702201440,5.2199,5.2776,4.9188,4.8946,1.6311,0.0000,864.6,-734.6,997.1,397.0,239.747,230.438,235.035,4.321,1.667,3.060,0.0000,0.0000,6.0816,6.0747,0.0000,7.7629,-257.0,-454.5,758.1,385.6,241.412,238.446,239.891,3.138,1.613,2.565,0.0058,0.0052,0.9892,0.9903,0.6650,0.3230,19.2,-121.1,324.7,67.8,243.842,239.591,241.788,1.354,0.282,0.613,4.991,2.211,3.655
1702201500,0.0000,0.0000,11.8356,11.8177,0.7187,0.0000,-542.6,-804.4,808.5,549.7,239.951,238.305,239.291,3.367,2.303,3.091,0.0000,0.0000,6.9647,6.9589,0.0000,9.0491,-325.2,-467.3,767.5,517.4,239.533,238.580,239.112,3.202,2.163,2.971,0.0000,0.0000,1.4783,1.4777,1.5233,0.0807,-16.5,-116.1,209.6,72.2,242.074,240.207,241.505,0.874,0.299,0.661,2.909,2.673,2.828
1702201560,0.0000,0.0000,8.5035,8.4925,0.3634,0.0000,-385.5,-824.9,830.4,394.3,239.229,237.615,238.139,3.467,1.656,2.232,0.0000,0.0000,5.1311,5.1288,0.0000,6.2466,-236.7,-480.6,799.7,362.0,239.253,237.667,238.669,3.342,1.521,2.101,0.0017,0.0017,0.6737,0.6823,0.4718,0.7481,12.5,-125.9,326.8,75.7,241.366,239.328,240.062,1.362,0.314,1.004,2.920,2.344,2.656
1702201620,0.0000,0.0000,6.4548,6.4427,0.2463,0.0000,-278.4,-583.7,591.0,289.5,238.676,236.086,237.303,2.483,1.224,1.716,0.0000,0.0000,3.9406,3.9377,0.0000,4.3789,-177.7,-347.0,553.0,252.6,239.103,237.262,238.122,2.319,1.056,1.547,0.0658,0.0652,0.4395,0.4522,0.0704,0.9725,59.7,-90.8,357.2,164.7,240.694,239.458,240.121,1.487,0.685,1.255,2.882,2.074,2.446
1702201680,0.0000,0.0000,5.4293,5.4143,0.1990,0.0000,-254.1,-449.0,453.7,266.3,237.413,235.991,236.413,1.915,1.127,1.470,0.0000,0.0000,3.3944,3.3898,0.0000,3.4918,-163.9,-272.4,416.1,227.0,239.133,237.810,238.512,1.742,0.949,1.294,0.0110,0.0098,0.4764,0.4937,0.0069,0.7735,24.7,-68.4,360.5,284.6,240.859,239.828,240.276,1.500,1.180,1.396,2.546,2.005,2.289
1702201740,0.0000,0.0000,9.2695,9.2533,0.4730,0.0000,-480.3,-708.9,714.9,486.7,238.471,236.869,237.716,2.999,2.046,2.445,0.0000,0.0000,5.4385,5.4321,0.0000,6.6947,-280.6,-407.8,670.7,442.3,239.447,237.684,238.395,2.805,1.853,2.256,0.0058,0.0058,0.7539,0.7585,0.4384,0.5306,10.9,-153.9,388.3,67.8,241.697,240.250,240.878,1.610,0.282,0.816,2.892,2.379,2.717
1702201800,0.0000,0.0000,12.1966,12.1736,0.6218,0.0000,-487.6,-889.7,894.7,493.7,240.005,237.422,239.065,3.730,2.076,3.142,0.0000,0.0000,6.9820,6.9733,0.0000,9.0238,-290.2,-506.7,842.5,450.9,238.435,236.996,237.857,3.534,1.891,2.947,0.0000,0.0000,1.6150,1.6138,1.7626,0.0554,-24.2,-151.4,296.5,69.3,242.465,240.091,241.271,1.235,0.287,0.818,2.891,2.527,2.823
1702201860,0.0000,0.0000,12.2099,12.1926,0.6350,0.0000,-489.8,-885.1,890.4,499.2,241.077,237.944,239.473,3.717,2.095,3.179,0.0000,0.0000,6.9768,6.9710,0.0000,9.0341,-293.8,-510.6,843.0,451.3,238.323,237.061,237.738,3.533,1.900,2.984,0.0133,0.0133,1.5250,1.5250,1.7292,0.1402,30.5,-150.2,267.2,65.9,242.498,238.015,241.684,1.101,0.272,0.696,2.887,2.717,2.868
1702201920,0.0000,0.0000,12.0236,12.0052,0.6050,0.0000,-525.5,-910.4,914.9,531.6,241.460,239.400,240.185,3.784,2.218,3.073,0.0000,0.0000,6.8856,6.8793,0.0000,8.8305,-306.9,-516.6,856.4,481.7,238.568,237.016,237.880,3.589,2.025,2.878,0.0000,0.0000,1.4247,1.4252,1.6052,0.1938,-5.5,-162.6,280.5,66.6,242.297,240.602,241.557,1.158,0.276,0.769,2.895,2.586,2.837
1702201980,0.0000,0.0000,10.8735,10.8608,0.5387,0.0000,-390.6,-898.0,903.6,399.2,240.572,237.179,239.334,3.756,1.680,2.825,0.0000,0.0000,6.2812,6.2777,0.0000,7.9613,-241.8,-514.1,851.7,359.7,239.299,237.725,238.366,3.566,1.503,2.638,0.0006,0.0006,1.2603,1.2643,1.2897,0.2734,9.4,-151.1,332.2,68.5,242.352,240.243,241.625,1.379,0.283,0.837,2.895,2.343,2.771
1702202040,0.0000,0.0000,4.4822,4.4724,0.1004,0.0029,-209.2,-428.9,437.1,224.1,240.376,238.575,239.353,1.819,0.936,1.204,0.0000,0.0000,2.8314,2.8308,0.0000,2.5909,-136.0,-261.6,390.2,181.0,239.105,236.409,238.197,1.633,0.758,1.023,0.0000,0.0000,0.5837,0.6039,0.0300,0.5110,3.1,-66.0,362.5,315.2,239.931,238.484,239.305,1.515,1.313,1.447,2.423,1.756,2.085
1702202100,0.0000,0.0000,3.7168,3.7047,0.0340,0.0052,-208.8,-265.3,277.3,223.8,240.087,237.564,239.402,1.155,0.935,1.022,0.0000,0.0000,2.4213,2.4190,0.0000,1.9484,-136.8,-170.3,234.2,183.1,239.360,236.744,238.468,0.982,0.766,0.848,0.0029,0.0023,0.5428,0.5629,0.0156,0.6108,4.3,-72.5,361.9,344.8,239.670,238.358,238.728,1.516,1.446,1.487,2.298,1.758,2.000
1702202160,0.0000,0.0000,5.2049,5.1910,0.1390,0.0000,-266.8,-371.5,380.1,278.7,241.063,239.361,239.928,1.575,1.162,1.370,0.0000,0.0000,3.2271,3.2248,0.0000,3.1625,-169.4,-228.1,331.6,235.0,238.648,234.467,237.967,1.391,0.984,1.187,0.0012,0.0006,0.3934,0.4107,0.0000,0.8150,1.8,-54.8,357.1,324.5,239.854,238.613,239.028,1.495,1.354,1.433,2.393,2.075,2.243
1702202220,0.0000,0.0000,6.4369,6.4225,0.2169,0.0000,-374.2,-460.5,467.7,382.1,241.210,240.263,240.636,1.937,1.583,1.697,0.0000,0.0000,3.8846,3.8812,0.0000,4.2036,-224.6,-277.7,417.3,334.6,238.402,237.314,237.937,1.753,1.403,1.513,0.0000,0.0000,0.5566,0.5727,0.0190,0.4482,-10.0,-65.5,343.6,294.7,239.961,239.065,239.534,1.435,1.229,1.342,2.499,2.231,2.375
1702202280,0.0000,0.0000,6.9312,6.9185,0.2284,0.0000,-379.4,-495.6,503.1,388.0,241.241,239.390,240.487,2.084,1.617,1.787,0.0000,0.0000,3.9562,3.9538,0.0000,5.6444,-192.5,-294.6,489.7,360.4,237.958,236.954,237.463,2.057,1.515,1.806,0.0000,0.0000,0.5520,0.5676,0.0138,0.4574,-7.3,-67.6,345.2,249.2,240.584,239.271,239.806,1.436,1.037,1.282,2.606,2.049,2.367
1702202340,0.0000,0.0000,7.1163,7.1013,0.4095,0.0000,-380.0,-479.4,487.6,388.2,241.549,239.500,240.689,2.023,1.619,1.870,0.0000,0.0000,3.2450,3.2427,0.0000,7.0033,-195.5,-209.6,489.2,476.9,238.100,235.080,237.442,2.055,2.002,2.034,0.0000,0.0000,0.4730,0.4891,0.0392,0.6212,-7.8,-78.3,362.1,306.2,241.873,239.749,240.654,1.502,1.275,1.348,2.409,2.039,2.242
1702202400,0.0000,0.0000,8.1153,8.0998,0.5756,0.0000,-472.0,-563.0,570.3,480.1,241.677,240.225,240.901,2.361,1.994,2.086,0.0000,0.0000,3.5028,3.4999,0.0000,7.4295,-199.0,-256.5,572.5,483.6,238.016,236.816,237.375,2.403,2.037,2.128,0.0000,0.0000,0.4851,0.5001,0.0150,0.6206,-7.0,-60.9,335.8,275.3,241.996,241.084,241.495,1.391,1.137,1.325,2.537,2.197,2.346
1702202460,0.0000,0.0000,8.3968,8.3812,0.5866,0.0000,-510.7,-544.9,552.3,518.8,242.289,240.929,241.450,2.276,2.145,2.187,0.0000,0.0000,3.6897,3.6868,0.0000,7.6833,-220.3,-242.9,559.0,521.7,238.007,236.806,237.390,2.353,2.194,2.244,0.0000,0.0000,0.4551,0.4683,0.0000,0.6564,7.5,-52.8,332.6,276.8,241.986,240.897,241.538,1.375,1.146,1.280,2.544,2.283,2.421
1702202520,0.0035,0.0035,6.9520,6.9433,2.3221,0.0000,11.0,-572.8,580.3,511.8,242.800,240.026,241.589,2.387,2.129,2.228,0.0000,0.0000,4.5981,4.5941,0.6708,6.2898,-232.1,-442.1,582.0,469.5,238.254,234.114,236.388,2.466,1.992,2.259,2.1433,2.1318,0.6229,0.6310,0.3074,0.7752,646.4,-175.4,733.0,256.2,242.123,239.434,241.219,3.050,1.058,1.652,2.558,1.677,2.333
1702202580,3.6401,3.6828,1.5025,1.5083,0.9027,0.0000,291.0,-525.3,531.7,451.3,241.364,236.298,237.712,2.202,1.906,1.991,0.0000,0.0000,3.5755,3.5726,0.0000,7.6458,-211.4,-235.3,544.5,512.6,237.510,236.030,237.131,2.293,2.158,2.225,0.0012,0.0012,0.5462,0.5601,0.1638,0.8173,1.0,-122.6,395.2,275.1,243.024,240.655,242.281,1.642,1.133,1.303,3.444,1.955,3.182
1702202640,2.9358,2.9912,0.0000,0.0000,1.0982,0.0000,270.9,40.5,457.3,375.1,239.032,236.841,237.802,1.926,1.571,1.754,0.0000,0.0000,4.4009,4.3968,0.0000,8.9707,-220.5,-349.8,767.1,532.3,238.071,236.595,237.248,3.230,2.244,2.636,0.0000,0.0000,0.5214,0.5266,0.0375,0.6535,-1.8,-72.7,307.8,66.5,243.835,242.397,243.004,1.267,0.274,0.898,3.383,3.292,3.336
1702202700,1.1386,1.1703,0.6656,0.6425,1.3456,0.0000,233.1,-262.6,455.2,370.4,239.315,236.980,238.190,1.900,1.553,1.661,0.0000,0.0000,5.9420,5.9391,0.0000,11.4809,-244.9,-510.6,1074.6,568.5,237.899,236.463,237.162,4.510,2.396,3.275,0.0000,0.0000,1.1911,1.1916,1.0503,0.2907,4.9,-199.3,355.8,65.5,244.941,242.441,243.589,1.452,0.269,0.666,3.387,3.281,3.304
1702202760,2.2281,2.2679,1.2026,1.1818,1.2210,0.0000,238.2,-403.1,546.9,361.9,238.275,236.132,237.322,2.299,1.528,1.813,0.0000,0.0000,5.3889,5.3814,0.0000,10.5736,-235.3,-593.6,1218.0,564.5,238.593,236.448,237.326,5.098,2.383,3.138,0.0000,0.0000,1.3243,1.3266,1.4079,0.4164,-7.7,-265.8,492.7,186.3,245.309,242.635,243.610,2.008,0.766,1.165,3.378,3.274,3.317
1702202820,0.0000,0.0000,4.7348,4.6777,1.7315,0.0000,-78.1,-434.5,571.9,374.5,238.654,236.931,237.722,2.396,1.576,2.009,0.0000,0.0000,8.5087,8.5029,0.0000,15.5074,-414.5,-611.2,1245.4,882.6,238.517,236.059,237.560,5.222,3.715,4.626,0.0000,0.0000,3.3148,3.3130,4.9944,0.0000,-104.9,-270.5,525.3,168.0,245.499,243.558,244.575,2.144,0.688,1.533,3.507,3.269,3.297
1702202880,1.2412,1.2822,0.3962,0.3859,1.2487,0.0000,162.4,-249.4,449.2,364.6,238.390,236.342,236.989,1.881,1.537,1.620,0.0000,0.0000,5.4662,5.4650,0.0000,10.6878,-274.5,-502.4,1050.5,638.7,237.521,235.505,236.669,4.438,2.692,3.151,0.0035,0.0035,0.7752,0.7787,0.1569,0.8554,4.0,-136.7,343.8,77.8,244.548,242.490,243.256,1.414,0.319,0.920,3.492,3.321,3.384
1702202940,0.8265,0.8490,1.4737,1.4408,1.4068,0.0000,169.2,-254.8,445.1,361.0,236.936,234.756,235.910,1.885,1.527,1.667,0.0000,0.0000,6.1249,6.1208,0.0000,11.8627,-262.0,-503.5,1069.3,626.4,239.504,236.433,238.316,4.460,2.635,3.550,0.0369,0.0375,1.3537,1.3502,0.9592,0.5860,38.9,-168.7,346.5,110.5,245.107,242.667,243.886,1.426,0.452,0.919,3.416,3.300,3.341
1702203000,0.3149,0.3259,2.3325,2.2864,1.5763,0.0000,124.0,-397.6,545.5,366.1,238.660,235.707,237.244,2.282,1.544,1.724,0.0000,0.0000,6.9854,6.9808,0.0000,13.2256,-302.3,-586.9,1214.9,683.4,239.000,237.758,238.465,5.077,2.862,3.907,0.0006,0.0006,1.6265,1.6190,1.3064,0.3570,4.4,-220.2,377.6,112.5,245.696,243.697,244.616,1.537,0.460,0.783,3.471,3.310,3.359
1702203060,2.3383,2.3856,0.0819,0.0773,1.1738,0.0000,180.7,-72.2,402.5,360.1,236.548,232.048,234.270,1.707,1.543,1.651,0.0000,0.0000,4.7181,4.7169,0.0000,9.7274,-251.5,-398.9,869.1,601.7,241.667,235.997,238.403,3.655,2.523,2.728,0.0456,0.0456,1.6611,1.6606,1.9345,1.6196,28.5,-345.9,599.9,133.5,244.582,242.555,243.427,2.466,0.546,1.435,3.484,3.248,3.345
1702203120,3.9781,4.0283,0.0000,0.0000,0.9794,0.0000,290.1,175.3,457.0,400.5,235.672,232.458,234.143,1.952,1.698,1.852,0.0000,0.0000,3.5495,3.5484,0.0000,7.7658,-193.0,-260.5,611.0,487.1,238.134,233.517,236.807,2.583,2.045,2.252,1.6196,1.6110,0.1621,0.1661,0.2994,2.0655,360.9,-43.9,931.3,295.1,244.324,242.670,243.059,3.787,1.214,1.554,5.422,3.256,3.672
1702203180,4.5162,4.5664,0.0000,0.0000,0.9177,0.0000,293.7,255.3,456.8,428.2,232.686,231.230,231.965,1.961,1.850,1.920,0.0000,0.0000,3.1804,3.1781,0.0000,7.2571,-187.8,-210.6,520.0,482.6,239.687,237.905,238.844,2.170,2.025,2.078,2.5569,2.5673,0.0000,0.0000,3.7848,0.0000,179.5,144.2,315.3,265.8,243.468,242.453,243.010,1.298,1.092,1.225,4.285,4.169,4.235
1702203240,2.9774,3.0287,0.0017,0.0006,1.0394,0.0000,272.2,-5.8,441.7,345.7,232.585,228.801,230.291,1.903,1.484,1.708,0.0000,0.0000,3.9296,3.9262,0.0000,8.5716,-194.7,-358.5,794.0,504.4,240.051,238.987,239.558,3.302,2.105,2.467,1.9057,1.9178,0.0000,0.0000,5.1363,0.0000,160.8,29.2,514.5,288.1,243.829,242.463,243.413,2.113,1.182,1.469,4.262,4.129,4.214
1702203300,3.2306,3.2802,0.0000,0.0000,1.0578,0.0000,222.6,113.2,411.9,365.0,231.980,227.918,230.376,1.775,1.573,1.715,0.0000,0.0000,3.9008,3.8996,0.0000,8.5416,-214.0,-282.3,667.6,542.1,240.113,238.676,239.390,2.785,2.264,2.405,2.1895,2.1993,0.0000,0.0000,4.5958,0.0000,184.6,81.0,408.0,261.7,244.062,242.518,243.276,1.677,1.073,1.339,4.250,4.059,4.185
1702203360,2.6272,2.6774,0.0000,0.0000,1.1034,0.0000,203.6,71.9,396.7,345.4,231.684,228.436,229.941,1.724,1.507,1.641,0.0000,0.0000,4.1990,4.1967,0.0000,9.0636,-228.2,-298.5,702.9,566.2,240.275,238.494,239.395,2.925,2.365,2.563,1.8238,1.8347,0.0000,0.0000,5.3866,0.0000,138.3,64.6,432.9,311.3,244.197,242.313,243.234,1.772,1.278,1.477,4.241,4.134,4.189
1702203420,4.2670,4.3161,0.0000,0.0000,0.9252,0.0000,291.5,180.6,454.2,387.6,232.128,229.611,231.085,1.954,1.678,1.869,0.0000,0.0000,3.3534,3.3528,0.0000,7.5858,-182.2,-242.1,590.5,480.2,238.593,236.766,238.066,2.472,2.013,2.140,2.4606,2.4704,0.0000,0.0000,4.1557,0.0000,170.3,113.0,351.7,269.8,243.591,242.789,243.209,1.444,1.107,1.268,4.251,4.149,4.225
1702203480,4.7475,4.7971,0.0000,0.0000,0.8865,0.0000,295.1,276.4,456.1,441.4,232.330,229.284,231.005,1.964,1.912,1.944,0.0000,0.0000,3.0794,3.0783,0.0000,7.1642,-176.2,-196.6,491.4,476.2,239.386,237.546,238.264,2.062,1.998,2.018,2.7391,2.7495,0.0000,0.0000,3.5288,0.0000,200.4,156.0,302.0,251.2,243.795,243.145,243.473,1.240,1.031,1.184,4.257,4.101,4.212
1702203540,4.3772,4.4268,0.0000,0.0000,0.9171,0.0000,301.8,180.0,458.8,385.9,231.407,228.616,229.705,1.980,1.671,1.881,0.0000,0.0000,3.2121,3.2109,0.0000,7.4463,-177.3,-250.2,592.9,470.0,239.292,238.021,238.834,2.476,1.965,2.092,2.5569,2.5678,0.0000,0.0000,3.8864,0.0000,195.8,104.7,390.5,248.3,244.187,243.148,243.672,1.603,1.018,1.244,4.280,4.087,4.198
1702203600,5.2793,5.3260,0.0000,0.0000,0.8075,0.0000,360.3,269.0,495.8,427.5,230.058,226.606,227.943,2.162,1.878,2.057,0.0000,0.0000,2.5811,2.5805,0.0000,6.3804,-142.4,-192.8,491.1,405.0,243.201,238.625,241.554,2.030,1.674,1.791,0.3397,0.3449,0.3755,0.3784,2.5079,0.0000,163.6,-111.9,336.7,264.9,243.455,241.361,242.195,1.389,1.095,1.245,4.251,3.537,3.686
1702203660,5.4466,5.4950,0.0000,0.0000,0.7954,0.0000,358.7,298.2,496.3,448.0,230.360,227.287,228.978,2.155,1.966,2.089,0.0000,0.0000,2.5528,2.5511,0.0000,6.2898,-143.3,-178.7,466.1,405.7,242.779,240.999,241.806,1.925,1.675,1.770,0.0000,0.0000,0.4187,0.4211,2.1935,0.0000,9.9,-48.5,347.2,264.5,242.698,241.413,242.066,1.432,1.092,1.253,3.659,3.561,3.615
1702203720,4.5006,4.5502,0.0000,0.0000,0.8882,0.0000,320.5,222.0,468.4,403.5,231.539,227.564,230.226,2.036,1.758,1.919,0.0000,0.0000,3.1273,3.1250,0.0000,7.1665,-164.7,-227.5,547.6,445.9,241.789,239.471,240.582,2.277,1.847,2.044,0.0069,0.0063,0.2936,0.3017,1.9934,0.0000,7.3,-66.7,379.6,315.4,242.518,238.276,241.869,1.565,1.308,1.462,3.704,3.583,3.662
1702203780,3.5968,3.6453,0.0000,0.0000,0.8934,0.0000,253.0,181.4,429.7,386.0,232.450,228.466,230.528,1.846,1.673,1.779,0.0000,0.0000,3.7531,3.7502,0.0565,5.3352,-201.1,-273.3,605.1,348.4,240.755,239.224,240.060,2.498,1.453,1.801,0.0000,0.0000,0.3957,0.4072,2.1474,0.0000,6.2,-52.8,390.0,352.6,242.188,238.029,240.989,1.617,1.458,1.539,3.669,2.895,3.177
